,representation,max_depth,max_features,min_samples_split,n_estimators,mean_val_acc,mean_val_tpr,mean_val_tnr
0,X_bot_feat,5,50,5,100,0.941199915844593,0.5569500674763833,1.0
1,X_bot_feat,5,50,5,200,0.9415412127729207,0.5593117408906882,1.0
2,X_bot_feat,5,50,10,100,0.9415412127729207,0.55944669365722,1.0
3,X_bot_feat,5,50,10,200,0.941198747019496,0.5567476383265857,1.0
4,X_bot_feat,5,50,15,100,0.9415412127729207,0.55944669365722,1.0
5,X_bot_feat,5,50,15,200,0.9411975781943991,0.5567476383265857,1.0
6,X_bot_feat,5,100,5,100,0.9634134368133151,0.726855600539811,0.9996062992125985
7,X_bot_feat,5,100,5,200,0.9617011080461919,0.7137651821862347,0.9996062992125985
8,X_bot_feat,5,100,10,100,0.9610208518397307,0.7087044534412955,0.9996062992125985
9,X_bot_feat,5,100,10,200,0.9623860395530413,0.7189608636977058,0.9996062992125985
10,X_bot_feat,5,100,15,100,0.9610208518397305,0.7087044534412954,0.9996062992125985
11,X_bot_feat,5,100,15,200,0.9620435737996166,0.7163292847503373,0.9996062992125985
12,X_bot_feat,5,250,5,100,0.9733297489363691,0.8116059379217274,0.9980268276742088
13,X_bot_feat,5,250,5,200,0.9726436486044229,0.8039136302294196,0.9984220845912046
14,X_bot_feat,5,250,10,100,0.9723035205011922,0.8012820512820513,0.9984220845912046
15,X_bot_feat,5,250,10,200,0.9719598859226706,0.7987179487179488,0.9984220845912046
16,X_bot_feat,5,250,15,100,0.9723035205011922,0.8013495276653171,0.9984220845912046
17,X_bot_feat,5,250,15,200,0.9723023516760951,0.8012820512820513,0.9984220845912046
18,X_bot_feat,5,500,5,100,0.9733309177614661,0.8297570850202429,0.995269366032803
19,X_bot_feat,5,500,5,200,0.9736722146897939,0.8297570850202429,0.9956646229497992
20,X_bot_feat,5,500,10,100,0.9729884520080414,0.8245614035087719,0.9956646229497992
21,X_bot_feat,5,500,10,200,0.973673383514891,0.8297570850202429,0.9956646229497992
22,X_bot_feat,5,500,15,100,0.9726471550797138,0.8220647773279353,0.9956646229497992
23,X_bot_feat,5,500,15,200,0.9736722146897939,0.8297570850202429,0.9956646229497992
24,X_bot_feat,10,50,5,100,0.9688788629669455,0.7653171390013496,1.0
25,X_bot_feat,10,50,5,200,0.9678514657066716,0.7574898785425102,1.0
26,X_bot_feat,10,50,10,100,0.9688788629669455,0.7651821862348178,1.0
27,X_bot_feat,10,50,10,200,0.9685363972135208,0.7625506072874494,1.0
28,X_bot_feat,10,50,15,100,0.9692224975454673,0.7678812415654521,1.0
29,X_bot_feat,10,50,15,200,0.968537566038618,0.762685560053981,1.0
30,X_bot_feat,10,100,5,100,0.9774311562017859,0.8349527665317138,0.9992125984251968
31,X_bot_feat,10,100,5,200,0.9770886904483612,0.8323211875843455,0.9992125984251968
32,X_bot_feat,10,100,10,100,0.9774323250268828,0.834885290148448,0.9992125984251968
33,X_bot_feat,10,100,10,200,0.9774323250268828,0.834885290148448,0.9992125984251968
34,X_bot_feat,10,100,15,100,0.9781149188835382,0.8400809716599191,0.9992125984251968
35,X_bot_feat,10,100,15,200,0.9770886904483612,0.8323211875843455,0.9992125984251968
36,X_bot_feat,10,250,5,100,0.9784573846369629,0.8581646423751688,0.996845725312004
37,X_bot_feat,10,250,5,200,0.9791434849689095,0.855668016194332,0.9980283838038032
38,X_bot_feat,10,250,10,100,0.97845855346206,0.8477732793522268,0.9984220845912046
39,X_bot_feat,10,250,10,200,0.97845855346206,0.8504723346828611,0.9980268276742088
40,X_bot_feat,10,250,15,100,0.9794859507223339,0.8556005398110662,0.9984220845912046
41,X_bot_feat,10,250,15,200,0.9784573846369629,0.8504048582995951,0.9980283838038032
42,X_bot_feat,10,500,5,100,0.9787998503903876,0.8633603238866396,0.9964535806541969
43,X_bot_feat,10,500,5,200,0.9781160877086353,0.8582321187584345,0.9964535806541969
44,X_bot_feat,10,500,10,100,0.9781160877086353,0.8581646423751688,0.9964535806541969
45,X_bot_feat,10,500,10,200,0.9787998503903876,0.8632928475033739,0.9964535806541969
46,X_bot_feat,10,500,15,100,0.9787998503903876,0.8633603238866396,0.9964535806541969
47,X_bot_feat,10,500,15,200,0.9784573846369631,0.8607962213225371,0.9964535806541969
48,X_bot_feat,20,50,5,100,0.9811936041890693,0.8632928475033739,0.9992125984251968
49,X_bot_feat,20,50,5,200,0.9801673757538923,0.8555330634278002,0.9992125984251968
50,X_bot_feat,20,50,10,100,0.9811936041890693,0.8607287449392713,0.9996062992125985
51,X_bot_feat,20,50,10,200,0.9808523072607416,0.8607962213225371,0.9992125984251968
52,X_bot_feat,20,50,15,100,0.9811924353639723,0.8606612685560053,0.9996062992125985
53,X_bot_feat,20,50,15,200,0.980509841507317,0.8581646423751688,0.9992125984251968
54,X_bot_feat,20,100,5,100,0.9822198326242463,0.8710526315789474,0.9992125984251968
55,X_bot_feat,20,100,5,200,0.9808523072607416,0.8607962213225372,0.9992125984251968
56,X_bot_feat,20,100,10,100,0.9801662069287953,0.8581646423751688,0.9988173415082008
57,X_bot_feat,20,100,10,200,0.9808523072607416,0.8607287449392713,0.9992125984251968
58,X_bot_feat,20,100,15,100,0.9805098415073168,0.8607287449392713,0.9988173415082008
59,X_bot_feat,20,100,15,200,0.9808523072607416,0.8632928475033739,0.9988173415082008
60,X_bot_feat,20,250,5,100,0.9818761980457247,0.8788798920377868,0.9976346830164016
61,X_bot_feat,20,250,5,200,0.9822198326242463,0.8789473684210526,0.9980283838038032
62,X_bot_feat,20,250,10,100,0.9815337322923,0.87361673414305,0.9980283838038032
63,X_bot_feat,20,250,10,200,0.9815349011173969,0.87361673414305,0.9980283838038032
64,X_bot_feat,20,250,15,100,0.9801650381036981,0.87361673414305,0.9964520245246025
65,X_bot_feat,20,250,15,200,0.9815349011173969,0.8736842105263157,0.9980283838038032
66,X_bot_feat,20,500,5,100,0.9811936041890693,0.8840755735492578,0.9960598798667952
67,X_bot_feat,20,500,5,200,0.9811936041890693,0.8841430499325236,0.9960598798667952
68,X_bot_feat,20,500,10,100,0.9805075038571228,0.8866396761133604,0.9948756652454016
69,X_bot_feat,20,500,10,200,0.98050867268222,0.8815114709851551,0.9956646229497992
70,X_bot_feat,20,500,15,100,0.9798249100004675,0.8815114709851551,0.9948756652454016
71,X_bot_feat,20,500,15,200,0.9798237411753707,0.8763157894736843,0.9956646229497992
72,X_bot_svd,5,50,5,100,0.9654705689840574,0.7709176788124157,0.9952693660328032
73,X_bot_svd,5,50,5,200,0.9644443405488804,0.7657894736842106,0.9948741091158071
74,X_bot_svd,5,50,10,100,0.9651269344055358,0.7657894736842106,0.9956615106906103
75,X_bot_svd,5,50,10,200,0.9651281032306327,0.7657894736842106,0.9956615106906103
76,X_bot_svd,5,50,15,100,0.9647856374772081,0.7631578947368421,0.9956630668202049
77,X_bot_svd,5,50,15,200,0.9641018747954557,0.7605937921727396,0.9952678099032088
78,X_bot_svd,5,100,5,100,0.9637559025667398,0.7964912280701755,0.9893529613146181
79,X_bot_svd,5,100,5,200,0.9651257655804386,0.8042510121457489,0.9897497743612089
80,X_bot_svd,5,100,10,100,0.9644408340735893,0.7964912280701755,0.9901434751486103
81,X_bot_svd,5,100,10,200,0.9637605778671279,0.7939271255060729,0.9897497743612089
82,X_bot_svd,5,100,15,100,0.9651257655804386,0.8016869095816463,0.9901434751486103
83,X_bot_svd,5,100,15,200,0.9654682313338633,0.7991228070175439,0.9909308767234135
84,X_bot_svd,5,250,5,100,0.9637582402169338,0.7886639676113362,0.9905387320656065
85,X_bot_svd,5,250,5,200,0.9640995371452614,0.7938596491228072,0.9901450312782047
86,X_bot_svd,5,250,10,100,0.9641007059703586,0.7911605937921727,0.990540288195201
87,X_bot_svd,5,250,10,200,0.9641007059703586,0.7912955465587046,0.990540288195201
88,X_bot_svd,5,250,15,100,0.9644420028986861,0.7911605937921727,0.9909339889826025
89,X_bot_svd,5,250,15,200,0.9637582402169338,0.7886639676113362,0.990540288195201
90,X_bot_svd,5,500,5,100,,,
91,X_bot_svd,5,500,5,200,,,
92,X_bot_svd,5,500,10,100,,,
93,X_bot_svd,5,500,10,200,,,
94,X_bot_svd,5,500,15,100,,,
95,X_bot_svd,5,500,15,200,,,
96,X_bot_svd,10,50,5,100,0.9719622235728647,0.8248987854251013,0.9944788521988113
97,X_bot_svd,10,50,5,200,0.9716185889943431,0.8274628879892039,0.9936914506240079
98,X_bot_svd,10,50,10,100,0.9702545701061295,0.8222672064777328,0.9929056051787996
99,X_bot_svd,10,50,10,200,0.970593529384263,0.8197031039136302,0.9936930067536025
100,X_bot_svd,10,50,15,100,0.9723058581513863,0.8300269905533064,0.994086707541004
101,X_bot_svd,10,50,15,200,0.9705946982093601,0.8274628879892039,0.9925103482618033
102,X_bot_svd,10,100,5,100,0.9692271728458554,0.8273279352226719,0.9909324328530079
103,X_bot_svd,10,100,5,200,0.9692271728458554,0.8273279352226719,0.9909324328530079
104,X_bot_svd,10,100,10,100,0.9675218570293141,0.8196356275303642,0.990145031278205
105,X_bot_svd,10,100,10,200,0.9678608163074479,0.8248313090418353,0.9897497743612089
106,X_bot_svd,10,100,15,100,0.967518350554023,0.8196356275303642,0.9901434751486103
107,X_bot_svd,10,100,15,200,0.9671758848005985,0.8196356275303642,0.9897482182316143
108,X_bot_svd,10,250,5,100,0.9685469166393942,0.8091767881241566,0.9929056051787993
109,X_bot_svd,10,250,5,200,0.968545747814297,0.8144399460188934,0.9921166474744016
110,X_bot_svd,10,250,10,100,0.9671770536256954,0.8118083670715249,0.9909339889826025
111,X_bot_svd,10,250,10,200,0.9671782224507925,0.8092442645074224,0.9913292458995986
112,X_bot_svd,10,250,15,100,0.9671770536256954,0.8067476383265857,0.9917229466870001
113,X_bot_svd,10,250,15,200,0.9658095282621908,0.8041160593792173,0.990540288195201
114,X_bot_svd,10,500,5,100,,,
115,X_bot_svd,10,500,5,200,,,
116,X_bot_svd,10,500,10,100,,,
117,X_bot_svd,10,500,10,200,,,
118,X_bot_svd,10,500,15,100,,,
119,X_bot_svd,10,500,15,200,,,
120,X_bot_svd,20,50,5,100,0.9723000140259013,0.8402834008097166,0.9925087921322089
121,X_bot_svd,20,50,5,200,0.9719587170975735,0.8351551956815115,0.9929040490492049
122,X_bot_svd,20,50,10,100,0.97161975781944,0.8377192982456139,0.9921150913448074
123,X_bot_svd,20,50,10,200,0.971617420169246,0.8377192982456139,0.9921135352152127
124,X_bot_svd,20,50,15,100,0.9712772920660153,0.8377192982456141,0.9917198344278113
125,X_bot_svd,20,50,15,200,0.9712749544158212,0.8402834008097166,0.9913245775108152
126,X_bot_svd,20,100,5,100,0.9705923605591659,0.8453441295546558,0.9897528866203977
127,X_bot_svd,20,100,5,200,0.9699097667025107,0.8427800269905532,0.9893560735738074
128,X_bot_svd,20,100,10,100,0.9699109355276077,0.8454116059379218,0.9889592605272167
129,X_bot_svd,20,100,10,200,0.9709359951376877,0.8479757085020243,0.9897482182316143
130,X_bot_svd,20,100,15,100,0.9699085978774138,0.8402159244264507,0.9897466621020199
131,X_bot_svd,20,100,15,200,0.9709348263125908,0.8428475033738192,0.9905356198064176
132,X_bot_svd,20,250,5,100,0.9675183505540229,0.8246963562753036,0.9893576297034018
133,X_bot_svd,20,250,5,200,0.9682009444106783,0.8272604588394061,0.9897497743612087
134,X_bot_svd,20,250,10,100,0.9692295104960493,0.8246963562753036,0.9913292458995986
135,X_bot_svd,20,250,10,200,0.9675195193791202,0.8195681511470985,0.9901465874077993
136,X_bot_svd,20,250,15,100,0.9685445789892,0.8247638326585693,0.9905418443247955
137,X_bot_svd,20,250,15,200,0.9685457478142971,0.822132253711201,0.990935545112197
138,X_bot_svd,20,500,5,100,,,
139,X_bot_svd,20,500,5,200,,,
140,X_bot_svd,20,500,10,100,,,
141,X_bot_svd,20,500,10,200,,,
142,X_bot_svd,20,500,15,100,,,
143,X_bot_svd,20,500,15,200,,,
144,X_bot_svd_cos,5,50,5,100,0.965815372387676,0.7729419703103912,0.9952709221623977
145,X_bot_svd_cos,5,50,5,200,0.9658177100378701,0.7704453441295546,0.9956661790793937
146,X_bot_svd_cos,5,50,10,100,0.9651351161812147,0.7703778677462887,0.9948787775045906
147,X_bot_svd_cos,5,50,10,200,0.9644501846743652,0.7601889338731443,0.9956646229497993
148,X_bot_svd_cos,5,50,15,100,0.9661578381411005,0.762685560053981,0.9972425383585944
149,X_bot_svd_cos,5,50,15,200,0.9654752442844453,0.7601889338731443,0.996848837571193
150,X_bot_svd_cos,5,100,5,100,0.9654740754593483,0.8011470985155196,0.9905434004543899
151,X_bot_svd_cos,5,100,5,200,0.9661578381411005,0.8089068825910932,0.9901465874077994
152,X_bot_svd_cos,5,100,10,100,0.9661566693160036,0.8062753036437247,0.9905418443247953
153,X_bot_svd_cos,5,100,10,200,0.9661566693160036,0.8089068825910932,0.9901465874077994
154,X_bot_svd_cos,5,100,15,100,0.965815372387676,0.8011470985155196,0.9909355451121968
155,X_bot_svd_cos,5,100,15,200,0.9658153723876758,0.8037786774628879,0.9905402881952009
156,X_bot_svd_cos,5,250,5,100,0.9671817289260837,0.8191632928475034,0.9897528866203977
157,X_bot_svd_cos,5,250,5,200,0.9658118659123849,0.8139676113360326,0.9889639289160002
158,X_bot_svd_cos,5,250,10,100,0.9675206882042172,0.8191632928475034,0.9901465874077994
159,X_bot_svd_cos,5,250,10,200,0.9654717378091542,0.81140350877193,0.9889654850455946
160,X_bot_svd_cos,5,250,15,100,0.966839263172659,0.8191632928475034,0.9893607419625907
161,X_bot_svd_cos,5,250,15,200,0.9661543316658096,0.8087719298245615,0.9901481435373938
162,X_bot_svd_cos,5,500,5,100,,,
163,X_bot_svd_cos,5,500,5,200,,,
164,X_bot_svd_cos,5,500,10,100,,,
165,X_bot_svd_cos,5,500,10,200,,,
166,X_bot_svd_cos,5,500,15,100,,,
167,X_bot_svd_cos,5,500,15,200,,,
168,X_bot_svd_cos,10,50,5,100,0.9726518303801021,0.8269905533063427,0.9948756652454016
169,X_bot_svd_cos,10,50,5,200,0.9719692365234467,0.8218623481781376,0.9948741091158073
170,X_bot_svd_cos,10,50,10,100,0.9706017111599421,0.8167341430499325,0.9940882636705984
171,X_bot_svd_cos,10,50,10,200,0.9712854738416944,0.8219298245614034,0.9940882636705984
172,X_bot_svd_cos,10,50,15,100,0.9692306793211465,0.8140350877192983,0.9929040490492049
173,X_bot_svd_cos,10,50,15,200,0.9702592454065175,0.8167341430499324,0.9936930067536025
174,X_bot_svd_cos,10,100,5,100,0.9712854738416944,0.8372469635627532,0.9917245028165947
175,X_bot_svd_cos,10,100,5,200,0.9706017111599422,0.8321187584345479,0.9917229466870001
176,X_bot_svd_cos,10,100,10,100,0.970600542334845,0.8346828609986504,0.9913292458995986
177,X_bot_svd_cos,10,100,10,200,0.9688928888681099,0.8295546558704453,0.9901481435373938
178,X_bot_svd_cos,10,100,15,100,0.9695754827247651,0.826990553306343,0.9913292458995986
179,X_bot_svd_cos,10,100,15,200,0.9692330169713405,0.8321187584345481,0.9901465874077994
180,X_bot_svd_cos,10,250,5,100,0.9665014727196223,0.8321187584345479,0.9869969811085868
181,X_bot_svd_cos,10,250,5,200,0.9671840665762776,0.826923076923077,0.9885717842581931
182,X_bot_svd_cos,10,250,10,100,0.9695754827247652,0.8346828609986504,0.9901481435373938
183,X_bot_svd_cos,10,250,10,200,0.9695766515498623,0.837314439946019,0.989752886620398
184,X_bot_svd_cos,10,250,15,100,0.9692330169713406,0.8321187584345479,0.9901481435373938
185,X_bot_svd_cos,10,250,15,200,0.9688928888681099,0.8346828609986504,0.9893591858329962
186,X_bot_svd_cos,10,500,5,100,,,
187,X_bot_svd_cos,10,500,5,200,,,
188,X_bot_svd_cos,10,500,10,100,,,
189,X_bot_svd_cos,10,500,10,200,,,
190,X_bot_svd_cos,10,500,15,100,,,
191,X_bot_svd_cos,10,500,15,200,,,
192,X_bot_svd_cos,20,50,5,100,0.9723093646266774,0.8321187584345479,0.9936930067536025
193,X_bot_svd_cos,20,50,5,200,0.9733367618869513,0.8398785425101215,0.9936930067536025
194,X_bot_svd_cos,20,50,10,100,0.973675721165085,0.8399460188933873,0.9940882636705984
195,X_bot_svd_cos,20,50,10,200,0.9733344242367574,0.847638326585695,0.9925103482618033
196,X_bot_svd_cos,20,50,15,100,0.9723105334517743,0.8450742240215924,0.9917229466870001
197,X_bot_svd_cos,20,50,15,200,0.973678058815279,0.8476383265856949,0.9929040490492049
198,X_bot_svd_cos,20,100,5,100,0.9719692365234467,0.8475708502024292,0.9909371012417914
199,X_bot_svd_cos,20,100,5,200,0.9712854738416944,0.8475708502024292,0.9901481435373938
200,X_bot_svd_cos,20,100,10,100,0.9729931273084297,0.8475708502024292,0.9921166474744018
201,X_bot_svd_cos,20,100,10,200,0.9719680676983498,0.8450067476383266,0.9913292458995986
202,X_bot_svd_cos,20,100,15,100,0.9702592454065174,0.8398785425101215,0.990145031278205
203,X_bot_svd_cos,20,100,15,200,0.9709418392631728,0.8450067476383266,0.9901465874077994
204,X_bot_svd_cos,20,250,5,100,0.9695754827247652,0.8398785425101215,0.9893607419625907
205,X_bot_svd_cos,20,250,5,200,0.9709430080882697,0.8475708502024292,0.9897544427499924
206,X_bot_svd_cos,20,250,10,100,0.9695743138996681,0.8321187584345479,0.9905418443247955
207,X_bot_svd_cos,20,250,10,200,0.9685480854644913,0.8294871794871795,0.989752886620398
208,X_bot_svd_cos,20,250,15,100,0.9685480854644911,0.8346828609986504,0.9889654850455948
209,X_bot_svd_cos,20,250,15,200,0.9685504231146853,0.837246963562753,0.9885717842581931
210,X_bot_svd_cos,20,500,5,100,,,
211,X_bot_svd_cos,20,500,5,200,,,
212,X_bot_svd_cos,20,500,10,100,,,
213,X_bot_svd_cos,20,500,10,200,,,
214,X_bot_svd_cos,20,500,15,100,,,
215,X_bot_svd_cos,20,500,15,200,,,
216,X_bot_svd_feat,5,50,5,100,0.9644455093739772,0.7572199730094467,0.9960598798667952
217,X_bot_svd_feat,5,50,5,200,0.9647868063023051,0.762280701754386,0.9956661790793937
218,X_bot_svd_feat,5,50,10,100,0.9654717378091544,0.7649122807017543,0.9960598798667952
219,X_bot_svd_feat,5,50,10,200,0.9664967974192343,0.7674089068825911,0.996848837571193
220,X_bot_svd_feat,5,50,15,100,0.9654705689840573,0.762280701754386,0.9964535806541969
221,X_bot_svd_feat,5,50,15,200,0.9654717378091544,0.7674089068825911,0.9956661790793937
222,X_bot_svd_feat,5,100,5,100,0.9675253635046053,0.7983805668016195,0.9933024182253899
223,X_bot_svd_feat,5,100,5,200,0.9671828977511806,0.7984480431848853,0.9929071613083937
224,X_bot_svd_feat,5,100,10,100,0.965813034737482,0.7881241565452093,0.9929071613083937
225,X_bot_svd_feat,5,100,10,200,0.9664979662443314,0.7932523616734144,0.9929071613083937
226,X_bot_svd_feat,5,100,15,100,0.9641030436205525,0.7829959514170042,0.9917213905574055
227,X_bot_svd_feat,5,100,15,200,0.9647856374772079,0.7880566801619433,0.9917229466870001
228,X_bot_svd_feat,5,250,5,100,0.9644443405488804,0.7856275303643725,0.9917245028165945
229,X_bot_svd_feat,5,250,5,200,0.9654705689840573,0.7882591093117409,0.9925119043913977
230,X_bot_svd_feat,5,250,10,100,0.9651281032306326,0.7830634278002699,0.9929071613083937
231,X_bot_svd_feat,5,250,10,200,0.9658095282621908,0.7882591093117409,0.9929056051787993
232,X_bot_svd_feat,5,250,15,100,0.9661531628407125,0.7908232118758435,0.9929056051787993
233,X_bot_svd_feat,5,250,15,200,0.9658118659123851,0.7882591093117409,0.9929056051787993
234,X_bot_svd_feat,5,500,5,100,,,
235,X_bot_svd_feat,5,500,5,200,,,
236,X_bot_svd_feat,5,500,10,100,,,
237,X_bot_svd_feat,5,500,10,200,,,
238,X_bot_svd_feat,5,500,15,100,,,
239,X_bot_svd_feat,5,500,15,200,,,
240,X_bot_svd_feat,10,50,5,100,0.9705970358595539,0.8087719298245615,0.9952709221623977
241,X_bot_svd_feat,10,50,5,200,0.9716232642947311,0.8139001349527666,0.9956661790793937
242,X_bot_svd_feat,10,50,10,100,0.9712807985413063,0.8087719298245615,0.9960598798667952
243,X_bot_svd_feat,10,50,10,200,0.971622095469634,0.8087044534412955,0.9964535806541969
244,X_bot_svd_feat,10,50,15,100,0.9712807985413063,0.8060728744939272,0.9964535806541969
245,X_bot_svd_feat,10,50,15,200,0.9702569077563235,0.8035762483130904,0.9956661790793937
246,X_bot_svd_feat,10,100,5,100,0.9709441769133667,0.821727395411606,0.9936945628831968
247,X_bot_svd_feat,10,100,5,200,0.9723117022768714,0.8268556005398111,0.9944835205875947
248,X_bot_svd_feat,10,100,10,100,0.9709430080882697,0.8242914979757086,0.9933024182253899
249,X_bot_svd_feat,10,100,10,200,0.971626770770022,0.826923076923077,0.9936961190127913
250,X_bot_svd_feat,10,100,15,100,0.9709418392631728,0.8215924426450743,0.9936961190127913
251,X_bot_svd_feat,10,100,15,200,0.9706017111599421,0.821727395411606,0.9933024182253899
252,X_bot_svd_feat,10,250,5,100,0.9699167796530925,0.8116059379217274,0.9940882636705985
253,X_bot_svd_feat,10,250,5,200,0.969571976249474,0.8115384615384617,0.9936945628831968
254,X_bot_svd_feat,10,250,10,100,0.9688893823928186,0.8089068825910932,0.9933008620957953
255,X_bot_svd_feat,10,250,10,200,0.9678643227827386,0.8012145748987856,0.9933008620957953
256,X_bot_svd_feat,10,250,15,100,0.9668357566973678,0.788191632928475,0.9940882636705985
257,X_bot_svd_feat,10,250,15,200,0.9671805601009865,0.798582995951417,0.9929071613083937
258,X_bot_svd_feat,10,500,5,100,,,
259,X_bot_svd_feat,10,500,5,200,,,
260,X_bot_svd_feat,10,500,10,100,,,
261,X_bot_svd_feat,10,500,10,200,,,
262,X_bot_svd_feat,10,500,15,100,,,
263,X_bot_svd_feat,10,500,15,200,,,
264,X_bot_svd_feat,20,50,5,100,0.9726483239048109,0.8215924426450743,0.9956661790793937
265,X_bot_svd_feat,20,50,5,200,0.972645986254617,0.824089068825911,0.9952724782919923
266,X_bot_svd_feat,20,50,10,100,0.972647155079714,0.8190958164642377,0.9960583237372009
267,X_bot_svd_feat,20,50,10,200,0.9723046893262893,0.8190283400809717,0.9956646229497992
268,X_bot_svd_feat,20,50,15,100,0.9719645612230586,0.8189608636977059,0.9952724782919923
269,X_bot_svd_feat,20,50,15,200,0.9719668988732527,0.8189608636977059,0.9952724782919923
270,X_bot_svd_feat,20,100,5,100,0.972650661555005,0.8346153846153846,0.9936945628831968
271,X_bot_svd_feat,20,100,5,200,0.9733344242367572,0.8397435897435898,0.9936945628831968
272,X_bot_svd_feat,20,100,10,100,0.9712831361915004,0.8319838056680163,0.9925119043913977
273,X_bot_svd_feat,20,100,10,200,0.9729919584833325,0.8423076923076923,0.9929071613083937
274,X_bot_svd_feat,20,100,15,100,0.9705970358595541,0.8267206477732794,0.9925119043913977
275,X_bot_svd_feat,20,100,15,200,0.9716256019449251,0.8319838056680163,0.9929087174379884
276,X_bot_svd_feat,20,250,5,100,0.9709406704380756,0.8244264507422404,0.9933008620957953
277,X_bot_svd_feat,20,250,5,200,0.9699156108279956,0.8166666666666668,0.9933008620957953
278,X_bot_svd_feat,20,250,10,100,0.9705970358595539,0.8192307692307693,0.9936945628831968
279,X_bot_svd_feat,20,250,10,200,0.9695731450745709,0.8141025641025642,0.9933008620957953
280,X_bot_svd_feat,20,250,15,100,0.9702557389312263,0.8192982456140351,0.9933008620957953
281,X_bot_svd_feat,20,250,15,200,0.968546916639394,0.8115384615384615,0.9925134605209923
282,X_bot_svd_feat,20,500,5,100,,,
283,X_bot_svd_feat,20,500,5,200,,,
284,X_bot_svd_feat,20,500,10,100,,,
285,X_bot_svd_feat,20,500,10,200,,,
286,X_bot_svd_feat,20,500,15,100,,,
287,X_bot_svd_feat,20,500,15,200,,,
288,X_bot_svd_feat_cos,5,50,5,100,0.9692341857964376,0.7887314439946019,0.996848837571193
289,X_bot_svd_feat_cos,5,50,5,200,0.9678678292580297,0.7835357624831308,0.9960614359963899
290,X_bot_svd_feat_cos,5,50,10,100,0.9678654916078357,0.7860998650472334,0.9956677352089882
291,X_bot_svd_feat_cos,5,50,10,200,0.9661566693160035,0.7757759784075573,0.9952740344215867
292,X_bot_svd_feat_cos,5,50,15,100,0.9678654916078357,0.7809716599190283,0.9964566929133859
293,X_bot_svd_feat_cos,5,50,15,200,0.9668392631726588,0.77834008097166,0.9956677352089882
294,X_bot_svd_feat_cos,5,100,5,100,0.969571976249474,0.8247638326585693,0.9917229466870001
295,X_bot_svd_feat_cos,5,100,5,200,0.9692318481462434,0.8170040485829959,0.9925134605209921
296,X_bot_svd_feat_cos,5,100,10,100,0.9692318481462433,0.8248313090418353,0.9913292458995986
297,X_bot_svd_feat_cos,5,100,10,200,0.9692306793211465,0.8195681511470985,0.992118203603996
298,X_bot_svd_feat_cos,5,100,15,100,0.9702569077563235,0.8247638326585693,0.9925134605209921
299,X_bot_svd_feat_cos,5,100,15,200,0.9702580765814204,0.8221997300944668,0.9929056051787992
300,X_bot_svd_feat_cos,5,250,5,100,0.9702592454065175,0.8299595141700404,0.9917260589461889
301,X_bot_svd_feat_cos,5,250,5,200,0.9695754827247651,0.8248313090418353,0.9917260589461889
302,X_bot_svd_feat_cos,5,250,10,100,0.9685515919397822,0.8196356275303642,0.9913323581587875
303,X_bot_svd_feat_cos,5,250,10,200,0.9685515919397822,0.8197031039136302,0.9913323581587875
304,X_bot_svd_feat_cos,5,250,15,100,0.9682079573612606,0.8170715249662617,0.9913323581587875
305,X_bot_svd_feat_cos,5,250,15,200,0.9692341857964376,0.8222672064777328,0.9917260589461889
306,X_bot_svd_feat_cos,5,500,5,100,,,
307,X_bot_svd_feat_cos,5,500,5,200,,,
308,X_bot_svd_feat_cos,5,500,10,100,,,
309,X_bot_svd_feat_cos,5,500,10,200,,,
310,X_bot_svd_feat_cos,5,500,15,100,,,
311,X_bot_svd_feat_cos,5,500,15,200,,,
312,X_bot_svd_feat_cos,10,50,5,100,0.9747007807751649,0.8375843454790823,0.9956630668202047
313,X_bot_svd_feat_cos,10,50,5,200,0.9750444153536865,0.8375843454790823,0.9960614359963899
314,X_bot_svd_feat_cos,10,50,10,100,0.9753845434569172,0.845344129554656,0.9952709221623977
315,X_bot_svd_feat_cos,10,50,10,200,0.9750444153536867,0.8323886639676112,0.996848837571193
316,X_bot_svd_feat_cos,10,50,15,100,0.9750432465285895,0.832456140350877,0.9968472814415985
317,X_bot_svd_feat_cos,10,50,15,200,0.9740181869185097,0.8272604588394061,0.9964551367837913
318,X_bot_svd_feat_cos,10,100,5,100,0.9726494927299081,0.8349527665317138,0.9936945628831969
319,X_bot_svd_feat_cos,10,100,5,200,0.9733355930618544,0.8376518218623481,0.9940898198001931
320,X_bot_svd_feat_cos,10,100,10,100,0.973675721165085,0.8402159244264509,0.9940882636705984
321,X_bot_svd_feat_cos,10,100,10,200,0.9740170180934127,0.8427800269905534,0.9940882636705984
322,X_bot_svd_feat_cos,10,100,15,100,0.9733344242367574,0.8376518218623481,0.9940898198001928
323,X_bot_svd_feat_cos,10,100,15,200,0.9740193557436067,0.8402834008097166,0.9944850767171889
324,X_bot_svd_feat_cos,10,250,5,100,0.9729931273084297,0.8401484480431849,0.9933039743549843
325,X_bot_svd_feat_cos,10,250,5,200,0.9729931273084297,0.8401484480431849,0.9933039743549843
326,X_bot_svd_feat_cos,10,250,10,100,0.9729966337837206,0.8403508771929824,0.9933039743549843
327,X_bot_svd_feat_cos,10,250,10,200,0.9719680676983498,0.8324561403508772,0.9933039743549843
328,X_bot_svd_feat_cos,10,250,15,100,0.972652999205199,0.8351551956815115,0.9936976751423858
329,X_bot_svd_feat_cos,10,250,15,200,0.9719692365234469,0.832523616734143,0.9933039743549843
330,X_bot_svd_feat_cos,10,500,5,100,,,
331,X_bot_svd_feat_cos,10,500,5,200,,,
332,X_bot_svd_feat_cos,10,500,10,100,,,
333,X_bot_svd_feat_cos,10,500,10,200,,,
334,X_bot_svd_feat_cos,10,500,15,100,,,
335,X_bot_svd_feat_cos,10,500,15,200,,,
336,X_bot_svd_feat_cos,20,50,5,100,0.9743571461966433,0.8426450742240217,0.9944819644580001
337,X_bot_svd_feat_cos,20,50,5,200,0.9746984431249709,0.84527665317139,0.9944819644580001
338,X_bot_svd_feat_cos,20,50,10,100,0.9757270092103418,0.8427800269905534,0.9960614359963899
339,X_bot_svd_feat_cos,20,50,10,200,0.9764107718920941,0.8454116059379218,0.9964551367837913
340,X_bot_svd_feat_cos,20,50,15,100,0.9747019496002618,0.8376518218623481,0.9956661790793937
341,X_bot_svd_feat_cos,20,50,15,200,0.9743583150217402,0.8376518218623481,0.9952693660328032
342,X_bot_svd_feat_cos,20,100,5,100,0.9757270092103418,0.8531713900134953,0.9944835205875945
343,X_bot_svd_feat_cos,20,100,5,200,0.9757258403852449,0.8505398110661269,0.9948787775045906
344,X_bot_svd_feat_cos,20,100,10,100,0.9743606526719344,0.8428475033738192,0.9944850767171889
345,X_bot_svd_feat_cos,20,100,10,200,0.9743594838468372,0.845344129554656,0.9940913759297875
346,X_bot_svd_feat_cos,20,100,15,100,0.973676889990182,0.8376518218623481,0.9944850767171889
347,X_bot_svd_feat_cos,20,100,15,200,0.9740170180934126,0.8401484480431849,0.9944850767171889
348,X_bot_svd_feat_cos,20,250,5,100,0.973679227640376,0.8480431848852901,0.9929102735675827
349,X_bot_svd_feat_cos,20,250,5,200,0.9733367618869513,0.8479757085020243,0.9925165727801811
350,X_bot_svd_feat_cos,20,250,10,100,0.9740216933938006,0.8481106612685559,0.9933039743549843
351,X_bot_svd_feat_cos,20,250,10,200,0.9719692365234469,0.8351551956815115,0.9929102735675827
352,X_bot_svd_feat_cos,20,250,15,100,0.9733390995371455,0.8455465587044534,0.9929102735675827
353,X_bot_svd_feat_cos,20,250,15,200,0.972652999205199,0.8402834008097166,0.9929102735675827
354,X_bot_svd_feat_cos,20,500,5,100,,,
355,X_bot_svd_feat_cos,20,500,5,200,,,
356,X_bot_svd_feat_cos,20,500,10,100,,,
357,X_bot_svd_feat_cos,20,500,10,200,,,
358,X_bot_svd_feat_cos,20,500,15,100,,,
359,X_bot_svd_feat_cos,20,500,15,200,,,
